{
  "Points": ["Calc_power":{"0":13610.8181284064,"1":11442.5705965007,"2":29990.5342469443,"3":14185.1441225811,"4":24847.8247584399,"5":16325.825047536,"6":31896.6307917073,"7":113044.7982292653,"8":133501.7536829748,"9":90925.2351766353,"10":222989.3618396184,"11":439070.47391054,"12":613941.3901297979,"13":976788.8863715861,"14":791971.1774037135,"15":666205.1181303465,"16":194876.9301217987,"17":107178.3387866258,"18":28959.5376200845,"19":5874.0570995755,"20":27698.7915565714,"21":19209.4238300654,"22":6682.4238986196,"23":11662.2657862727,"24":30338.9952350221,"25":23522.7447184751,"26":35347.2885883821,"27":18033.4137119292,"28":26345.1094723173,"29":29646.4519412375,"30":31619.4147859589,"31":143139.9277437035,"32":148243.0908437365,"33":77306.7153914585,"34":205291.2838751268,"35":393571.1340726492,"36":704210.7878418019,"37":1021137.4111988386,"38":770737.1011584018,"39":698494.4778209458,"40":151397.5942909688,"41":111841.0819848261,"42":16520.0976707375,"43":3205.5409486707,"44":20175.3771148454,"45":15590.8061036936,"46":3478.4458731991,"47":10433.1674321638,"48":41626.9568099921,"49":38717.0105815835,"50":55222.7975459158,"51":25851.2982537298,"52":42231.35342724,"53":38612.7356858537,"54":51127.8015368386,"55":155587.171419086,"56":199742.184170822,"57":83918.7068806247,"58":231555.4301379595,"59":480074.1255938074,"60":764859.8699587719,"61":942179.8295041542,"62":774984.7996476537,"63":625679.8598989837,"64":159670.2839049026,"65":129951.6657653526,"66":28065.7896102452,"67":5737.7302792568,"68":23858.7061120224,"69":19066.7985682487,"70":6736.5072550227,"71":10572.7568824287},"Wind_speed":{"0":1.6969292187,"1":1.6015611214,"2":2.2081592184,"3":1.7204691974,"4":2.0739507669,"5":1.8029929564,"6":2.2539827491,"7":3.4365223946,"8":3.6324360257,"9":3.1959290429,"10":4.3098653193,"11":5.4019064867,"12":6.0405704687,"13":7.0518416881,"14":6.5756513185,"15":6.2073319718,"16":4.1205557454,"17":3.3760172565,"18":2.1825600014,"19":1.2823749877,"20":2.1504165382,"21":1.9034454291,"22":1.3386909412,"23":1.6117461037,"24":2.2166785322,"25":2.0364088817,"26":2.3324965995,"27":1.8637813691,"28":2.1147984653,"29":2.1996819562,"30":2.2474338959,"31":3.7178276123,"32":3.7614948468,"33":3.0276666553,"34":4.1926874417,"35":5.2084687577,"36":6.3231945168,"37":7.1569894978,"38":6.5163500468,"39":6.3060388652,"40":3.7879884153,"41":3.4242813252,"42":1.810116474,"43":1.0479392182,"44":1.9348302607,"45":1.7755183872,"46":1.0768719564,"47":1.5530104441,"48":2.4631670794,"49":2.4043789831,"50":2.7065026211,"51":2.1015018185,"52":2.4750310444,"53":2.4022185048,"54":2.6378779055,"55":3.8226122379,"56":4.154565231,"57":3.1116345027,"58":4.3643607432,"59":5.5650843404,"60":6.4997443597,"61":6.9675525284,"62":6.528299126,"63":6.0788259569,"64":3.855763163,"65":3.5999483322,"66":2.1598722887,"67":1.2723766592,"68":2.0460580283,"69":1.8987228499,"70":1.3422927506,"71":1.5599058951}]
}
